#,TIME EST,TWEET
MHR32	13:46	(WASHINGTON) -- THE U-S COAST GUARD IN WASHINGTON SAYS A WIDESPREAD AIR-SEA RESCUE SEARCH 
MHR32	13:46	IS UNDERWAY NORTH OF CUBA FOR A PRIVATE AIRCRAFT MISSING TWO DAYS ON A FLIGHT FROM FLORIDA TO PUERTO RICO.
		
MHR33	13:47	(WASHINGTON) -- A GRAND JURY IN PRINCE GEORGES COUNTY, MARYLAND, RETURNED A MANSLAUGHTER INDICTMENT YESTERDAY
MHR33	13:47	AGAINST A WEST MIAMI BEACH NIGHT CLUB OPERATOR IN CONNECTION WITH AN ABORTION DEATH.
MHR33	13:47	EXTRADITION PROCEEDINGS TO SEND HIM TO MARYLAND TO FACE 
MHR33	13:47	SAID MANSLAUGHTE K $
		
		
	13:48	ETZBLAS)7 -- AN UNKNOWN SNIPER FIRED THSJ
	13:48	7, EMACVKENNEEY
	13:48	FLASH
	13:48	KENNEDY SERIOUSLY WOUNDED ----
		
		
	13:49	STAY OFF ALL OF YOU STAY OFF AND KEEP OFF GET OFF 
	13:49	WILL U U PLEASE STAY OFF THIS WIRE TILL WE GIVBBB HX
	13:49	STAY OFF STAY OFF
		
UPR74	13:40	BULLETIN (DALLAS) --- A SNIPER SERIOUSLY WOUNDED LDJ BIXENT KENNEDY IN DOWNTOWN DALLAS TODAY ... PERHAPS FATALLY.
		
	13:40	PLS RPT TT BUN HCR
		
UPR74	13:40	BULLETIN (DALLAS) --- ZA SNIPER SERIOUSLY WOUNDED PRESIDENT KENNEDY IN DOWNTOWN DALLAS TODAY ... PERHAPS FATALLY.
		
UPR75	13:43	BULLETIHN: (DALLAS) --- PRESIDENT KENNEDY AND GOVERNOR JOHN CONNALLY OF TEXAS HAVE BEEN CUT DOWN BY 
UPR75	13:43	ASSASSINS BULLETS IN DOWNTOWN DALLAS.THEY WERE RIDING IN AN OPEN AUTOMOBILE WHEN THE SHOTS WERE FIRED.
UPR75	13:43	THE PRESIDENT, HIS LIMP BODY CRADLED IN THE ARMS OF HIS WIFE, JACQUELINE, HAS BEEN RUSHED TO PARKLAND HOSPITAL.
		
	13:44	STAY OFF
		
UPR76	13:50	THE GOVERNOR WAS TAKEN TO THE SAME HOSPITAL. THE PRESIDENT HAD SPOKEN THIS MORNING IN FORT WORTH, THEN FLEW TO DALLAS.
UPR76	13:50	MCH KL145PES 2 HE WAS TO DELIVER A SPEECH DURING A MOTORCADE THROUGH THE CITY.
UPR76	13:50	NEWSMEN SOME FIVE CAR LENGTHS BEHIND THE PRESIDENT HEARD WHAT SOUNDED LIKE THREE BURSTS OF GUNFIRE.
UPR76	13:50	SECRET SERVICE AGENTS IN THE CAR FOLLOWING THE PRESIDENT'S QUICKLY PULLED AUTOMATIC RIFLES.
UPR76	13:50	THE BUBBLE OF THE PRESIDENT'S CAR WAS DOWN WHEN THE SHOTS RANG OUT.
UPR76	13:50	THE PRESIDENT SLUMPED OVER IN THE BACK SEAT, FACE DOWN.
UPR76	13:50	CONNALLY LAY ON THE FLOOR OF THE REAR SEAT. WOUNDS IN THE GOVERNOR'S CHEST WERE CLEARLY VISIBLE.
UPR76	13:50	THE WOUNDS INDICATED AN AUTOMATIC WEAPON WAS USED. 
UPR76	13:50	THREE LOUD BURSTS OF GUNFIRE WERE HEARD BEFORE THE PRESIDENT AND GOVERNOR FELL.
UPR76	13:50	IN THE TURMOIL, IT WAS IMPOSSIBLE TO DETERMINE WHETHER SECRET SERVICE AGENTS AND DALLAS POLICE RETURNED THE FIRE.
UPR76	13:50	IT COULD NOT BE IMMEDIATELY DETERMINED EITHER WHETHER MRS. KENNEDY OR MRS. CONNALLY WERE WOUNDED.
UPR76	13:50	BOTH WOMEN WERE IN THE CAR, AND WERE CRUSHED DOWN OVER THE INERT FORMS 
UPR76	13:50	OF THEIR HUSBANDS AS THE BIG AUTO RACED TOWARD THE HOSPITAL.
UPR76	13:50	MRS. KENNEDY COULD BE SEEN ON THE FLOOR OF THE REAR SEAT WITH HER HEAD TOWARD THE PRESIDENT.

UPR77	14:00	BULLETIN (SUB KENNEDY)(DALLAS) --- PRESIDENT KENNEDY AND GOVERNOR JOHN CONNALLY OF TEXAS HAVE 
UPR77	14:00	BEEN CUT DOWN BY ASSASSIN'S BULLETS. THEY WERE SHOT AS THEY TOURED DOWNTOWN DALLAS IN AN OPEN CAR.
UPR77	14:00	THE PRESIDENT --- HIS LIMP BODY IN THE ARMS OF HIS WIFE --- WAS RUSHED TO PARKLAND HOSPITAL. 
UPR77	14:00	THE GOVERNOR ALSO WAS TAKEN TO THE SAME HOSPITAL. 
UPR77	14:00	CLINT HILL, A SECRET SERVICE AGENT ASSIGNED TO MRS. KENNEDY SAID "HE'S DEAD"
UPR77	14:00	AS THE PRESIDENT WAS LIFTED FROM THE REAR OF THE WHITE HOUSE TOURING CAR.
UPR77	14:00	MR. KENNEDY WAS RUSHED TO AN EMERGENCY ROOM IN THE HOSPITAL.
UPR77	14:00	OTHER WHITE HOUSE OFFICIALS WERE IN DOUBT AS THE CORRIDORS OF THE HOSPITAL ERUPTED IN PANDEMONIUM.
UPR77	14:00	THE INCIDENT OCCURRED JUST EAST OF THE TRIPLE UNDERPASS FACING A PARK IN DOWNTOWN DALLAS.
UPR77	14:00	NEWSMEN IN THE MOTORCADE HEARD WHAT SOUNDED LIKE THREE BURSTS OF GUNFIRE.
UPR77	14:00	THE PRESIDENT WAS SLUMPED OVER THE BACK SEAT OF THE CAR ... FACE DOWN. 
UPR77	14:00	CONNALLY LAY ON THE FLOOR OF THE REAR SEAT.
UPR77	14:00	IT WAS IMPOSSIBLE TO TELL AT ONCE WHERE KENNEDY WAS HIT.
UPR77	14:00	BULLET WOUNDS WERE PLAINLY VISIBLE IN CONNALLY'S CHEST.
UPR77	14:00	IT WAS DIFFICULT TO TELL AT FIRST WHETHER THE FIRST LADY AND MRS. CONALLY WERE INJURED.
UPR77	14:00	AN ESTIMATED 250-THOUSAND PERSONS LINED THE STREETS.
UPR77	14:00	AT 12:50 P-M CENTRAL TIME, ACTING WHITE HOUSE NEWS SECRETARY MALCOLM KILDUFF WAS ASKED 
UPR77	14:00	WHETHER THE PRESIDENT WAS DEAD. HE SAID "I HAVE NO WORD NOW.
UPR77	14:00	VICE PRESIDENT JOHNSON WAS IN THE CAR BEHIND THE PRESIDENT'S.
UPR77	14:00	THERE WAS NO IMMEDIATE SIGN THAT HE WAS HURT.
UPR77	14:00	SOME OF THE SECRET SERVICE AGENTS THOUGHT THE GUNFIRE WAS FROM AN AUTOMATIC WEAPON FIRED
UPR77	14:00	TO THE RIGHT REAR OF THE PRESIDENT'S CAR ... PROBABLY FROM A GRASSY KNOLL TO WHICH POLICE RUSHED.
UPR77	14:00	CONGRESSMAN JIM WRIGHT OF FORT WORTH SAID BOTH KENNEDY AND CONNALLY WERE SERIOUSLY WOUNDED BUT WERE ALIVE.
UPR77	14:00	A CALL HAS BEEN SENT OUT FROM SOME OF THE TOP SURGICAL SPECIALISTS IN DALLAS. A CALL ALSO WENT OUT FOR A PRIEST.
		
UPR79	14:06	URGENT (HYANNIS PORT, MASSACHUSETTS) --- PRESIDENT KENNEDY'S MOTHER AND FATHER HAVE BEEN ADVISED
UPR79	14:06	THAT THEIR SON WAS SHOT IN DALLAS. THEY ARE IN HYANNIS PORT, MASSACHUSETTS.
		
UPR80	14:07	URGENT (DALLAS) --- MRS. JACQUELINE KENNEDY APPARENTLY IS SAFE. IT ALSO APPEARS MRS. CONNALLY WAS NOT INJURED.
UPR80	14:07	MR. KENNEDY, ACCORDING TO A MEMBER OF HIS STAFF, WAS STILL ALIVE AT 1:55 EST.
		
UPR82	14:11	URGENT (SUB KENNEDY)(DALLAS) --- PRESIDENT KENNEDY HAS BEEN SHOT. HE IS PERHAPS FATALLY WOUNDED.
UPR82	14:11	THE PRESIDENT AND TEXAS GOVERNOR JOHN CONNALLY WERE CUT DOWN BY ASSASSIN'S BULLETS
UPR82	14:11	AS THEY TOURED DOWNTOWN DALLAS IN AN OPEN CAR.
UPR82	14:11	THE PRESIDENT'S BODY WAS LIMP ... CRADLED IN THE ARMS OF HIS WIFE. 
UPR82	14:11	HE WAS RUSHED TO PARKLAND HOSPITAL. THE GOVERNOR ALSO WAS TAKEN THERE.
UPR82	14:11	A CALL WENT OUT FOR TOP SURGICAL SPECIALISTS. A ROMAN CATHOLIC PRIEST ALSO WAS SENT FOR.
UPR82	14:11	CONGRESSMAN JIM WRIGHT OF FORT WORTH SAID BOTH THE PRESIDENT AND CONNALLY WERE SERIOUSLY WOUNDED BUT WERE ALIVE.
UPR82	14:11	BLOOD WAS SPATTERED OVER THE WHITE HOUSE CAR. MR. KENNEDY WAS SLUMPED OVER THE BACK SEAT. 
UPR82	14:11	CONNALLY LAY ON THE FLOOR OF THE REAR SEAT. MRS. KENNEDY APPARENTLY WAS NOT HURT. MRS. CONNALLY ALSO WAS SAFE.
UPR82	14:11	WITNESSES SAID THERE WERE THREE LOUD BURSTS OF GUNFIRE.
UPR82	14:11	MOTORCYCLE POLICE ESCORTING THE PRESIDENT QUICKLY LEAPED FROM THEIR BIKES AND RACED UP A GRASSY HILL. MORE 
		
UPR83	14:12	DOW JONES 2 P-M (EST) AVERAGES
UPR83	14:12	30 INDUSTRIALS 730.18 DOWN 2.47
		
UPR84	14:13	SOME SECRET SERVICE AGENTS THOUGHT THE SHOTS CAME FROM AN AUTOMATIC WEAPON.
UPR84	14:13	IT WAS IMPOSSIBLE TO TELL WHERE THE PRESIDENT WAS HIT ... 
UPR84	14:13	BUT THE GOVERNOR HAD PLAINLY VISIBLE WOUNDS IN HISO CHEST ... 
UPR84	14:13	INDICATING THE SHOTS CAME FROM AN AUTOMATIC WEAPON. MORE 
		
UPR85	14:15	BULLETIN (NEW YORK CITY) --- THE NEW YORK STOCK EXCHANGE CLOSED OPERATIONS TODAY 
UPR85	14:15	AFTER WORD OF THE ASSASSINATION ATTEMPT AGAINST PRESIDENT KENNEDY. THE COTTON AND THE WOOL EXCHANGES ALSO CLOSED.
		
UPR86	14:17	ALTHOUGH DALLAS IS REGARDED AS A CENTER OF STRONG POLITICAL OPPOSITION TO MR. KENNEDY ... 
UPR86	14:17	THE HEAVY STREET CROWDS WERE OVERWHELMINGLY FRIENDLY ... 
UPR86	14:17	BUT THERE WERE A FEW ANTI-KENNEDY PLACARDS.
UPR86	14:17	THERE WAS ONE REPORT THAT THE PRESIDENT WAS WOUNDED IN THE HEAD.
UPR86	14:17	MRS. KENNEDY WAS HEARD TO SCREAM AS SHE REACHED FOR HER HUSBAND.
		
UPR87	14:18	URGENT (DALLAS) --- AT 2:12 P.M. EST A SPECIAL CARTON OF BLOOD, APPARENTLY FOR TRANSFUSION PURPOSES,
UPR87	14:18	WAS RUSHED INTO THE EMERGENCY WARD. TWO DALLAS POLICE OFFICERS CARRIED THE CARTON.
		
	14:18	BUOS PLS STAY OFF THIS WIRE HXR
		
UPR88	14:20	(NEW YORK CITY) --- THE AMERICAN STOCK EXCHANGE CLOSED OPERATIONS TODAY 
UPR88	14:20	AFTER WORD OF THE ASSASSINATION ATTEMPT AGAINST PRESIDENT KENNEDY.
		
UPR89	14:23	URGENT (DALLAS) --- BILL STINSON, AN ASSISTANT TO GOVERNOR CONNALLY, SAID HE TALKED TO THE GOVERNOR
UPR89	14:23	IN THE HOSPITAL OPERATING ROOM.  HE SAID THE GOVERNOR WAS SHOT JUST BELOW THE SHOULDER BLADE IN THE BACK.
UPR89	14:23	STINSON SAID HE ASKED CONNALLY HOW IT HAPPENED AND HE SAID: 
UPR89	14:23	"I DON'T KNOW, I GUESS FROM THE BACK. THEY GOT THE PRESIDENT, TOO."
		
UPR90	14:25	THE ACTION TO CLOSE THE EXCHANGE WAS TAKEN BECAUSE OF THE HEAVY FLOOD OF ORDERS WHICH CAME TO THE FLOOR 
UPR90	14:25	MOMENTS AFTER THE ANNOUNCEMENT OF THE ATTEMPT ON THE PRESIDENT'S LIFE.
		
UPR91	14:26	URGENT (DALLAS) --- A FATHER HUBER, OF HOLY TRINITY CHURCH IN DALLAS ADMINISTERED THE
UPR91	14:26	LAST SACRAMENT OF THE CHURCH TO THE PRESIDENT. THE SACRAMENT WAS ADMINISTERED SHORTLY BEFORE 2 P.M. EST.
UPR91	14:26	ANOTHEVR PRIEST, WHO DECLINED TO GIVE HIS NAME, SAID THE CHIEF EXECUTIVE STILL WAS ALIVE AT THE TIME.
UPR91	14:26	SHERIFF'S OFFICERS TOOK A YOUNG MAN INTO CUSTODY AT THE SCENE AND QUESTIONED HIM BEHIND CLOSED DOORS.
		
UPR92	14:28	VICE PRESIDENT JOHNSON'S WIFE, AFTER A QUICK CHECK ON CONDITIONS 
UPR92	14:28	IN THE EMERGENCY SECTION, SAID HER HUSBAND WAS UNHARMED.
UPR92	14:28	THE VICE PRESIDENT WAS SOMEWHERE IN THE HOSPITAL, BUT IT WAS IMPOSSIBLE TO DETERMINE HIS PRECISE WHEREABOUTS AT ONCE.
UPR92	14:28	HE WAS REPORTED BADLY SHOCKED BY THE SHOOTING. DOCTORS WERE TRYING TO KEEP HIM AS QUIET AS POSSIBLE.
UPR92	14:28	HE WAS UNDER HEAVY SECRET SERVICE AND POLICE PROTECTION.
UPR92	14:28	THROUGHOUT THE TEXAS TRIP, WHEN KENNEDY AND JOHNSON HAD BEEN IN THE SAME MOTORCADE,
UPR92	14:28	AS AN OBVIOUS SECURITY MEASURE THEY HAVE RIDDEN IN SEPARATE CARS. 
UPR92	14:28	THE JOHNSON CAR HAS ALWAYS BEEN SOME DISTANCE FROM THE KENNEDY CAR, SOMETIMES BY AS MUCH AS 60 YARDS.
		
UPR93	14:31	URGENT (DALLAS) --- MALCOLM KILDUFF, AN ASSISTANT PRESS SECRETARY, SAID HE "CANNOT SAY" WHETHER THE PRESIDENT
UPR93	14:31	IS ALIVE "CANNOT SAY WHERE HE WAS HIT."  HE SAID "THERE ARE TOO MANY STORIES."
		
UPR94	14:34	THE MIDWEST STOCK EXCHANGE AT CHICAGO, THIRD LARGEST IN THE NATION, 
UPR94	14:34	AND THE PACIFIC STOCK EXCHANGE, LIKEWISE HALTED HALTED OPERATIONS.
		
	14:35	FLASH
	14:35	PRESIDENT DEAD
		
UPR95	14:36	BULLETIN (DALLAS) --- PRESIDENT KENNEDY IS DEAD.
		
UPR96	14:37	HE WAS SHOT TO DEATH BY AN ASSASSIN IN THE STREETS OF DALLAS. HE WAS 45.
		
UPR97	14:39	HE WAS FIRED AT BY A SNIPER, WHO ALSO HIT TEXAS GOVERNOR JOHN CONNALLY.
UPR97	14:39	THE PRESIDENT HAD SPOKEN AT FORT WORTH THIS MORNING. HE WAS TO DELIVER A SPEECH IN DALLAS THIS AFTERNOON.
		
UPR98	14:40	RIDING IN THE MOTORCADE WITH HIM WHEN HE WAS SHOT WERE HIS WIFE AND MRS. CONNALLY, WIFE OF THE TEXAS GOVERNOR.
UPR98	14:40	VICE PRESIDENT JOHNSON ... WHO WILL BECOME PRESIDENT ... WAS IN A CAR TO THE REAR.
UPR98	14:40	HE WAS NOT HURT. BUT HIS WIFE SAID HE WAS VISIBLY SHAKEN.
UPR98	14:40	IMMEDIATELY AFTER THE SHOOTING, SECRET SERVICE AGENTS SURROUNDED HIM.
		
UPR99	14:41	THE PRESIDENT, CRADLED IN HIS WIFE'S ARMS, HAD BEEN RUSHED IN HIS BLOOD-SPATTERED LIMOUSINE
UPR99	14:41	TO PARKLAND HOSPITAL AND TAKEN TO AN EMERGENCY ROOM. 
UPR99	14:41	AN URGENT CALL WENT OUT FOR NEUROSURGEONS AND BLOOD.
UPR99	14:41	HE DIED AT THE HOSPITAL.
		
UPR100	14:47	BULLETIN (SUB KENNEDY) (DALLAS) --- PRESIDENT KENNEDY IS DEAD.
UPR100	14:47	HE WAS KILLED BY AN ASSASSIN IN DALLAS. JOHN FITZGERALD KENNEDY WAS 45 YEARS OLD ... IN HIS FIRST TERM OF OFFICE.
UPR100	14:47	HE WAS SHOT AS HE RODE IN A MOTORCADE THROUGH DOWNTOWN DALLAS.
UPR100	14:47	GOVERNOR JOHN CONNALLY OF TEXAS WAS WOUNDED BY THE ASSASSIN.
UPR100	14:47	THE PRESIDENT AND HIS WIFE HAD FLOWN TO TEXAS YESTERDAY FOR A TWO-DAY SWING THROUGH FIVE CITIES.
UPR100	14:47	THE FLEW TO DALLAS THIS MORNING FROM FORT WORTH.
UPR100	14:47	SOME 25-THOUSAND PERSONS LINED THE STREETS AS THE PRESIDENT RODE BY IN THE WHITE HOUSE TOURING CAR.
UPR100	14:47	MRS. KENNEDY HELD HER HUSBAND'S LIMP BODY IN HER ARMS WHEN HE TOPPLED OVER IN THE BACK SEAT OF THE OPEN CAR.
UPR100	14:47	HE WAS RUSHED TO THE EMERGENCY ROOM AT PARKLAND HOSPITAL. PRIESTS AND DOCTORS WENT TO HIS SIDE. 
UPR100	14:47	HE WAS GIVEN THE LAST RITES OF HIS CHURCH ... AND A SHORT TIME LATER DIED.
UPR100	14:47	POLICE FOUND A FOREIGN-MAKE RIFLE. SHERIFF'S OFFICERS ARE QUESTIONING A YOUNG MAN PICKED UP AT THE SCENE.
UPR100	14:47	VICE PRESIDENT JOHNSON WAS IN THE SAME MOTORCADE ... BUT WAS NOT HURT.
UPR100	14:47	WITNESSES SAID THEY HEARD THREE LOUD BURSTS OF GUNFIRE.
UPR100	14:47	THE SHOTS APPEARED TO HAVE COME FROM A GRASSY KNOLL NEAR THE STREET THE MOTORCADE WAS MOVING ALONG.
UPR100	14:47	IN THE TURMOIL IT WAS IMPOSSIBLE TO TELL WHETHER THE SECRET SERVICE AGENTS AND POLICE RETURNED THE GUNFIRE. MORE 
		
UPR101	14:48	BULLETIN (DALLAS) --- PRESIDENT KENNEDY WAS SHOT IN THE RIGHT TEMPLE.
UPR101	14:48	"IT WAS A SIMPLE MATTER OF A BULLET RIGHT THROUGH THE HEAD," SAID DR. GEORGE BURKLEY, WHITE HOUSE MEDICAL OFFICER.
		
UPR102	14:50	KENNEDY WAS SHOT AT 1 25 P-M EST. HE DIED AT APPROXIMATELY 2 P-M EST.
UPR102	14:50	MRS. KENNEDY WAS NOT SHOT. WHITE HOUSE SOKESMEN REFUSED TO COMMENT ON HER CONDITION.
UPR102	14:50	VICE PRESIDENT JOHNSON WAS UNDER HEAVY GUARD AND WAS WHISKED FROM THE HOSPITAL BY WHITE HOUSE OFFICIALS.
		
UPR103	14:52	MR. KENNEDY, THE FATHER OF TWO CHILDREN, WAS ELECTED TO THE WHITE HOUSE IN NOVEMBER 1960 ---
UPR103	14:52	THE NATION'S FIRST ROMAN CATHOLIC PRESIDENT. HE NARROWLY DEFEATED FORMER VICE PRESIDENT NNIXON.
UPR103	14:52	VICE PRESIDENT LYNDON JOHNSON WILL BE SWORN INTO OFFICE AS SOON AS POSSIBLE.
UPR103	14:52	HE WAS RUSHED TO THE HOSPITAL AND WAS WISHED AWAY BY SECRET SERVICE AGENTS. HIS WHEREABOUTS ARE BEING KEPT SECRET.
		
UPR104	14:53	CORRECTION: MAKE THE PRESIDENT'S AGE 46. UPI/CHICAGO
		
UPR105	14:54	(SOVIET REACTION) (MOSCOW) --- MOSCOW RADIO'S COMMENTATOR, IN MOURNFUL TONES, HAS ANNOUNCED THE ASSASSINATION OF
UPR105	14:54	PRESIDENT JOHN F. KENNEDY. HE TOLD RUSSIANS --- "IT IS SAID HE 
UPR105	14:54	HAS BEEN MURDERED BY THE EXTREME RIGHT WING ELEMENTS."
		
UPR106	14:55	URGENT (DALLAS) --- IT IS REPORTED VICE PRESIDENT JOHNSON HAS BEGUN MAKING PLANS TO BE SWORN INTO OFFICE.
UPR106	14:55	HE WILL BE THE 36TH PRESIDENT OF THE UNITED STATES.
		
UPR107	14:56	(WASHINGTON) --- F-B-I DIRECTOR J. EDGAR HOOVER IMMEDIATELY MADE ALL OF HIS AGENTS AND FACILITIES AVAILABLE TO DALLAS 
UPR107	14:56	AUTHORITIES TO HELP APPREHEND THOSE GUILTY OF THE ASSASSINATION ATTEMPT ON PRESIDENT KENNEDY.
UPR107	14:56	HOOVER TELEPHONED CITY OFFICIALS MOMENTS AFTER HE RECEIVED WORD OF THE ATTEMPT.
		
UPR108	14:58	(WASHINGTON) --- NEWS OF THE ASSASSIN'S ATTACK ON PRESIDENT KENNEDY HIT CONGRESS LIKE A THUNDERBOLT. 
UPR108	14:58	THE LEADERSHIP REACTED WITH COMMENTS OF "OH, GOD," AND "THIS IS TERRIBLE."
UPR108	14:58	SENATE DEMOCRATIC LEADER MIKE.MANSFIELD OF MONTANA WAS CALLED TO THE 
UPR108	14:58	SENATE CLOAKROOM TELEPHONE BY UNITED PRESS INTERNATIONAL 
UPR108	14:58	AND INFORMED OF THE NEWS FLASH ON THE ATTACK ON THE CHIEF EXECUTIVE AND TEXAS GOVERNOR JOHN CONNALLY.
UPR108	14:58	"THIS IS TERRIBLE," MANSFIELD SAID AFTER A HUSHED PAUSE. "I CAN'T FIND WORDS."
		
UPR110	15:01	(WASHINGTON) --- THREE OF AMERICA'S LAST FOUR PRESIDENT'S HAVE FACED BULLETS OF AN ASSASSIN. 
UPR110	15:01	OF THE NATION'S 34 PRESIDENTS, THREE HAVE BEEN SLAIN IN OFFICE.
UPR110	15:01	TODAY CAME THE SHOTS AT PRESIDENT KENNEDY. 
UPR110	15:01	OF THE LAST FOUR MEN ELECTED TO THE WHITE HOUSE, ONLY DWIGHT D. EISENHOWER SAW NO ATTEMPT ON HIS LIFE.
UPR110	15:01	THE PRESIDENTS KILLED BY AN ASSASSIN WERE ABRAHAM LINCOLN, JAMES A. GARFIELD AND WILLIAM MCKINLEY.
		
UPR111	15:06	(CHICAGO) -- NEWS OF THE SHOOTING OF PRESIDENT KENNEDY PROMPTED ACTIVE SELLING OF GRAIN FUTURES AND 
UPR111	15:06	PRICES TOOK A DIVE TODAY ON THE CHICAGO BOARD OF TRADE. 
		
UPR112	15:09	(CHICAGO CASH GRAINS) WHEAT UNCHANGED; NO. 2 RED WHEAT 211 1/2. CORN 1/2 TO 1/4 LOWER; NO 2 YELLOW 115 1/2-116; 
		
UPR113	15:21	THIS IS HOW THE WORLD REACTED TO THE ASSASSINATION THIS AFTERNOON OF PRESIDENT JOHN F. KENNEDY IN DALLAS, TEXAS.
UPR113	15:21	A COMMENTATOR FOR MOSCOW RADIO TOLD HIS LISTENERS IN MOURNFUL TONES --- 
UPR113	15:21	IT IS SAID HE HAS BEEN MURDERED BY THE EXTREME RIGHT WING ELEMENTS.
UPR113	15:21	AT THE VATICAN, POPE PAUL THE SIXTH WAS REPORTED TO HAVE GONE TO 
UPR113	15:21	HIS PRIVATE CHAPEL IMMEDIATELY ON HEARING OF THE TRAGEDY.
UPR113	15:21	GERMAN RADIO STATIONS BROADCAST THE EVENT IN COLD, CURT SENTENCES AS DETAILS WERE RECEIVED.
UPR113	15:21	AND AN ARMED FORCES WORKER ... BROADCASTING TO AMERICAN TROOPS THROUGHOUT EUROPE ... 
UPR113	15:21	WAS UNMISTAKENLY SOBBING AS HE READ THE REPORT.
UPR113	15:21	THE SOVIET UNION LEARNED OF PRESIDENT KENNEDY'S DEATH WITH THIS ANNOUNCEMENT OVER MOSCOW RADIO ... 
UPR113	15:21	JUST NOW IT IS OFFICIALLY ANNOUNCED THAT PRESIDENT KENNEDY HAS PASSED AWAY. 
UPR113	15:21	IT IS SUPPOSED THAT THE MURDER WAS DONE BY PERSONS OF THE EXTREME RIGHT WING ELEMENT.
UPR113	15:21	SOVIET PREMIER NIKITA KHRUSHCHEV WAS BELIEVED TO HAVE BEEN IN SOUTH RUSSIA --- NEAR THE BLACK SEA COAST --- 
UPR113	15:21	WHEN MOSCOW GOT THE NEWS OF PRESIDENT KENNEDY'S DEATH.
UPR113	15:21	SOURCES ASSUMED THAT KHRUSHCHEV WAS INFORMED OF THE ASSASSINATION BY WAY OF AN INTERNAL "HOT LINE" CIRCUIT.
UPR113	15:21	PRINCESS LEE RADZIWILL, SISTER OF MRS. KENNEDY INFORMED OF THE ASSASSINATION AT HER LONDON HOME,
UPR113	15:21	SHE ANNOUNCED SHE WILL FLY TO THE UNITED STATES EARLY TOMORROW.
UPR113	15:21	SWEDISH PRIME MINISTER TAGE ERLANDER COMMENTED ONLY --- "I DON'T WANT TO SAY ANYTHING NOW."
UPR113	15:21	AT THE HAGUE2, A FOREIGN OFFICE SPOKESMAN SAID "THE NETHERLANDS GOVERNMENT
UPR113	15:21	EXPRESSES DEEP FELT HORROR ABOUT THE TERRIBLE ATTACK ON PRESIDENT KENNEDY."
UPR113	15:21	"DEEP AND STRONG SYMPATHY IS FELT IN ALL HOLLAND, BOTH FOR THE AMERICAN PEOPLE AND PRESIDENT KENNEDY."
UPR113	15:21	IN HOLLAND, RADIO BULLETINS WERE HEARD IN GREATEST SHOCK. THE NEWS WAS GIVEN AT ONCE TO QUEEN JULIANA.
UPR113	15:21	"MY GOD," SAID A SPOKESMAN AT THE FOREIGN OFFICE. "HOW COULD SUCH A THING HAVE HAPPENED!"
UPR113	15:21	BRITAIN IS DEEPLY SHOCKED AT THE DEATH OF PRESIDENT KENNEDY.
UPR113	15:21	THESE REACTIONS FROM PERSONS ON THE DOWNTOWN STREETS OF LONDON --- FROM A LAWYER --- "I CAN'T BELIEVE IT ... "
UPR113	15:21	"IT'S THE WORST THING THAT COULD HAPPEN. HE'S A GREAT FRIEND OF THIS COUNTRY."
UPR113	15:21	FROM A SECRETARY --- "OH, NO, IT CAN'T BE TRUE. WHO WOULD POSSIBLY WANT TO DO IT?"
UPR113	15:21	FROM A MEAT PACKER --- "OH MY GOD. I CAN'T BELIEVE IT."
		
UPR114	15:24	(WASHINGTON) -- NEWS OF THE SHOOTING HIT CONGRESS LIKE A THUNDERBOLT.
UPR114	15:24	"OH GOD." "THIS IS TERRIBLE." SOME OF THE SHOCKED WORDS.
UPR114	15:24	SENATOR EDWARD KENNEDY, THE PRESIDENT'S YOUNGEST BROTHER, WAS PRESIDING OVER THE SENATE WHEN HE WAS TOLD.
UPR114	15:24	ATTORNEY GENERAL ROBERT KENNEDY HAD GONE HOME TO MCLEAN, VIRGINIA, FOR LUNCH WHEN THE NEWS CAME.
UPR114	15:24	SENATE DEMOCRATIC LEADER MIKE MANSFIELD SAID ... "THIS IS TERRIBLE. I CAN'T FIND WORDS."
UPR114	15:24	SPEAKER JOHN MCCORMACK WAS VISIBLY AFFECTED.
UPR114	15:24	SENATE G-O-P LEADER DIRKSEN SAID "THIS IS THE MOST DISASTROUS THING THAT COULD HIT THIS NATION."
UPR114	15:24	THE PRESIDENT'S MOTHER AND FATHER WERE AT HYANNIS PORT, MASSACHUSETTS, WHEN THE WORD CAME.
UPR114	15:24	MRS. KENNEDY IS 72 ... MR. KENNEDY IS 75. HE SUFFERED A STROKE IN DECEMBER 1960 AND NEVER FULLY RECOVERED.
UPR114	15:24	SECRETARY OF STATE RUSK AND OTHER CABINET MEMBERS WERE ABOARD A PLANE BOUND FOR JAPAN. 
UPR114	15:24	THE PLANE TURNED BACK BETWEEN HONOLULU AND TOKYO.
		
UPR115	15:30	(KENNEDY OBIT) JOHN FITZGERALD KENNEDY ...
UPR115	15:30	ON A BITTERLY COLD AND SNOWY DAY IN JANUARY, 1961, WHEN HE WAS INAUGURATED 35TH PRESIDENT OF THE UNITED STATES,
UPR115	15:30	JOHN FITZGERALD KENNEDY SOUNDED A CALL TO ACTION THAT IN MANY WAYS SUMMED UP HIS OWN REMARKABLE CAREER.
UPR115	15:30	"LET THE WORD GO FORTH FROM THIS TIME AND PLACE, TO FRIEND AND FOE ALIKE, HE SAID, "THAT THE TORCH HAS BEEN PASSED
UPR115	15:30	TO A NEW GENERATION OF AMERICANS --- BORN IN THIS CENTURY, TEMPERED BY WAR, DISCIPLINED BY A COLD AND BITTER PEACE."
UPR115	15:30	MR. KENNEDY WAS ALL THESE, AND HE BORE THE TORCH OF WORLD LEADERSHIP 
UPR115	15:30	IN A SOCIETY WHERE THE OLD ORDER WAS CHANGING FAST.
UPR115	15:30	ON THAT JANUARY DAY, NO MAN HAD EVER FLOWN IN SPACE.
UPR115	15:30	ON THAT DAY NEGROES IN SOUTHERN CITIES SUCH AS JACKSON AND BIRMINGHAM WERE NOT YET DEMONSTRATING. 
UPR115	15:30	ON THAT DAY THE WORLD HAD NOT COME CONSCIOUSLY CLOSE TO NUCLEAR DESTRUCTION AS IT DID IN THE GREAT CUBAN CRISIS OF 1962.
UPR115	15:30	"SURE IT'S A BIG JOB," MR. KENNEDY ONCE SAID. "BUT I DON'T KNOW ANYBODY WHO CAN DO IT ANY BETTER THAN I CAN.
UPR115	15:30	I'M GOING TO BE IN IT FOR FOUR YEARS. IT ISN'T GOING TO BE SO BAD. 
UPR115	15:30	YOU'VE GOT TIME TO THINK --- AND BESIDES, THE PAY IS GOOD."
UPR115	15:30	HE LATER FOUND OUT -- AND CONCEDED -- THAT IT WAS A BIGGER JOB THAN HE ORIGINALLY BELIEVED. 
UPR115	15:30	BUT IT IS MOST UNLIKELY THAT HE EVER ONCE WAVERED IN THE BELIEF THAT NO ONE COULD HANDLE IT AS WELL AS HE COULD. 
UPR115	15:30	TO THINK OTHERWISE WOULD HAVE BEEN A NEGATION OF HIS WHOLE LIFE.
UPR115	15:30	THE PRESIDENCY OF JOHN FITZGERALD KENNEDY WAS BORN IN THE FIERCE PRIDE OF AN IRISH IMMIGRANT FAMILY. 
UPR115	15:30	IT WAS CAREFULLY NURTURED IN THE TRAINING STAGES BY A MULTI-MILLIONAIRE FATHER ... 
UPR115	15:30	AND BROUGHT TO FRUITION BY THE MAN HIMSELF THROUGH A DISTINGUISHED CAREER IN THE HOUSE 
UPR115	15:30	AND SENATE AND ON THE TRICKY CAMPAIGN TRAILS OF AMERICA.
UPR115	15:30	IN A MANNER TYPICAL OF HIS FAMILY, KENNEDY STARTED AT THE TOP IN MANY THINGS. (MORE)"
		
MHR34	15:34	URGENT (TALLAHASSEE) -- GOVERNOR FARRIS BRYANT HAS ORDERED ALL STATE OFFICES CLOSED DOWN 
MHR34	15:34	AS A GESTURE OF MOURNING FOR PRESIDENT JOHN F. KENNEDY. 
MHR34	15:34	THE GOVERNOR ALSO ORDERED THAT ALL FLAGS IN THE STATE BE FLOWN AT HALF MAST.
		
MHR35	15:44	(TALLAHASSEE) -- A GENERALLY GOOD REPORT WAS ISSUED TODAY FOR THE JOHN AND MABLE RINGLING ARE MUSEUM IN SARASOTA.
MHR35	15:44	(TALLAHASSEE) -- THE STATE SUPREME COURT IN TALLAHASSEE TODAY DISMISSED AN APPEAL SEEKING TO UPSET AN INJUNCTION
MHR35	15:44	PROHIBITING PICKETING OF A TAMPA SUPERMARKET BY A GROUP SEEKING WHITE COLLAR JOBS FOR NEGROES. 
MHR35	15:44	(TALLAHASSEE) -- STATE TEACHERS WERE TOLD TODAY BY ATTORNEY GENERAL RICHARD ERVIN
MHR35	15:44	THAT TCAHEY HAVE BOTH THE RIGHT AND THE DUTY TO PARTICIPATE IN POLITICS. 
		
MHR36	15:45	GOVERNOR FARRIS BRYANT HAS ORDERED ALL OFFICES IN FLORIDA CLOSED AND
MHR36	15:45	FLAGS DROPPED TO HALF MAST TO MOURN FOR PRESIDENT KENNEDY'S DEATH.
		
UPR116	15:47	URGENT (DALLAS) --- VICE PRESIDENT JOHNSON IS EXPECTED TO BE SWORN IN AS PRESIDENT OF THE UNITED STATES ABOARD 
UPR116	15:47	AN AIRLINER BEFORE FLYING IMMEDIATELY BACK TO WASHINGTON FROM DALLAS. 
UPR116	15:47	THE VICE PRESIDENT HAS LEFT THE PARKLAND HOSPITAL FOR THE AIRPORT.
		
UPR117	15:50	URGENT (DALLAS) --- A DALLAS POLICEMAN HAS BEEN SHOT AND KILLED WHILE CHASING A SUSPECTED ASSASSIN OF THE PRESIDENT 
UPR117	15:50	THROUGH A MOVIE THEATER IN THE OAK CLIFF SECTION OF DALLAS. 
UPR117	15:50	HE WAS SHOT TO DEATH AS HE AND A FELLOW OFFICER RAN INTO A REAR EXIT OF THE THEATER WHILE 
UPR117	15:50	FOLLOWING A TIP THAT THE ASSASSIN MIGHT BE INSIDE. 
UPR117	15:50	THE OTHER OFFICER, RUSHED THE SUSPECT. THE MAN YELLED "IT'S ALL OVER NOW," AS THE OFFICER GRABBED HIM.
UPR117	15:50	THE TWO FELL STRUGGLING ONTO A SEAT. THE OFFICER'S FACE WAS SLASHED, BUT HE MANAGED TO ARREST THE SUSPECT.
		
UPR118	15:51	DOW JONES CLOSING STOCK AVERAGES
UPR118	15:51	30 INDUSTRIALS 711.49 DOWN 21.16
		
	15:52	DALLAS --- JOHNSON PRESIDENT
		
UPR119	15:55	BULLETIN (DALLAS) --- VICE VICE PRESIDENT JOHNSON WAS SWORN FN AS 36TH PRESIDENT OF THE UNITED STATES AT 3:39 P-M EST.
		
UPR 120	15:59	HE TOOK THE OATH OF OFFICE IN THE FORWARD COMPARTMENT OF THE PRESIDENTIAL PLANE AT THE AIRPORT IN DALLAS.
UPR 120	15:59	HE WAS UNHARMED IN THE SHOOTING THAT TOOK THE LIFE OF THE PRESIDENT.
UPR 120	15:59	IMMEDIATELY AFTER THE SWEARING-IN CEREMONY, THE AIRLINER CARRIED HIM BACK TO WASHINGTON.
UPR 120	15:59	DURING THE CEREMONY IT WAS STILL PARKED WHERE IT HAD LANDED TO BRING PRESIDENT KENNEDY TO DALLAS THIS MORNING.
		
UPR121	16:01	MORE CLOSING DOW JONES XXX 1.95
UPR121	16:01	65 STOCKS 252.06 DOWN 6.15
		
UPR123	16:04	(CLOSING COTTON) NEW YORK: DECEMBER 33.20 BID DOWN 24; MARCH 33.32 BID DOWN 13; 
		
UPR124	16:09	(LATE-AFTERNOON) THE WEATHER TOMORROW ... DRY AND SUNNY EXCEPT FOR TWO RAIN AREAS.
UPR124	16:09	ATLANTA 70 CLOUDY. MIAMI 79 CLEAR. DETROIT 61 CLOUDY. CHICAGO 62 CLOUDY. MINN.-ST. PAUL 35 CLOUDY. ST. LOUIS 60 RAIN. 
		
UPR125	16:11	(NEW YORK CITY) --- FORMER PRESIDENT DWIGHT EISENHOWER CALLED THE ASSASSINATION 
UPR125	16:11	OF PRESIDENT KENNEDY A "DESPICABLE ACT."
UPR125	16:11	"I SHARE THE SENSE OF SHOCK AND DISMAY THAT ALL AMERICANS FEEL AT THE DESPICABLE ACT 
UPR125	16:11	THAT RESULTED IN THE DEATH OF OUR NATION'S PRESIDENT.
UPR125	16:11	MRS. EISENHOWER AND I ALSO JOIN WITH ALL OTHER CITIZENS IN EXPRESSING OUR PERSONAL GRIEF 
UPR125	16:11	AND PRAYFUL CONCERN TO MRS. KENNEDY AND ALL OTHER MEMBERS OF THE FAMILY."
		
UPR126	16:30	PRESIDENT KENNEDY IS DEAD ... STRUCK DOWN BY AN ASSASSIN'S BULLET 
UPR126	16:30	AS HE RODE IN A MOTORCADE THROUGH THE STREETS OF DALLAS.
UPR126	16:30	LYNDON BAINES JOHNSON IS THE 36TH PRESIDENT OF THE UNITED STATES ... 
UPR126	16:30	SWORN INTO OFFICE ABOARD THE AIRLINER THAT HAD FLOWN MR. KENNEDY TO DALLAS THIS MORNING.
UPR126	16:30	URGENT (DALLAS) --- POLICE CAPTAIN PAT GANNAWAY TODAY SAID A SUSPECT HELD IN THE ASSASSINATION OF PRESIDENT KENNEDY
UPR126	16:30	WAS AN EMPLOYE IN THE BUILDING WHERE A RIFLE WAS FOUND.
UPR126	16:30	GANNAWAY SAID THE SUSPECT HAD VISITED RUSSIA AND WAS MARRIED TO A RUSSIAN. 
UPR126	16:30	THIS WAS NOT IMMEDIATELY CONFIRMED. THE SUSPECT'S CITIZENSHIP WAS NOT KNOWN.
UPR126	16:30	GANNAWAY SAID THE SUSPECT WAS THE SAME MAN WHO SHOT AND KILLED A CITY POLICEMAN IN THE OAK CLIFF SECTION OF THE CITY.
UPR126	16:30	POLICEMAN J.D. TIPPIT, WAS SLAIN AS HE AND FELLOW OFFICERS M.N. MACDONALD 
UPR126	16:30	CHASED THE SUSPECT INTO A REAR EXIT OF THE TEXAS THEATER.
UPR126	16:30	TEXAS GOVERNOR JOHN CONNALLY, RIDING IN THE FAMOUS BUBBLE TOP PRESIDENTIAL LIMOUSINE, --- THE TOP DOWN ---
UPR126	16:30	ALSO WAS SHOT AND SERIOUSLY WOUNDED.
UPR126	16:30	THE 46-YEAR-OLD PRESIDENT WAS SHOT THROUGH THE THROAT AND HEAD ... POSSIBLY BY THE SAME BULLET.
UPR126	16:30	THE ATTENDING SURGEON ... DR. MALCOLM PERRY ... SAID "THERE WAS AN ENTRANCE WOUND BELOW HIS ADAM'S APPLE."
UPR126	16:30	THERE WAS ANOTHER WOUND IN THE BACK OF HIS HEAD.
UPR126	16:30	CONNALLY WAS HIT IN THE HEAD AND WRIST.
UPR126	16:30	AS THE CAR, CARRYING THE KENNEDYS AND THE CONNALLYS NEARED A TRIPLE UNDERPAYS, THREE BURSTS OF GUNFIRE WERE HEARD.
UPR126	16:30	MRS. KENNEDY CRADLED HER HUSBAN'S HEAD IN HER LAP. THE FIRST LADY APPARENTLY WAS NOT HIT.
UPR126	16:30	THE PRESIDENT'S BLOOD-SPATTERED CAR CUT OUT OF THE MOTORCADE. 
UPR126	16:30	IT RACED BEHIND SCREAMING MOTORCYCLE POLICE SIRENS TO PARKLAND HOSPITAL.
UPR126	16:30	MR. KENNEDY WAS CONSCIOUS AS HE WAS CARRIED INTO THE HOSPITAL.
UPR126	16:30	FATHER HUBER FROM HOLY TRINITY ROMAN CATHOLIC CHURCH WAS CALLED. HE ADMINISTERED THE LAST RIGHTS OF THE CHURCH.
UPR126	16:30	MR. KENNEDY LIVED 30 MINUTES AFTER HE WAS CUT DOWN ... THE TIME OF DEATH PLACED AT APPROXIMATELY 2 P-M EST.
UPR126	16:30	HE WAS THE FOURTH U-S PRESIDENT TO BE ASSASSINATED IN OFFICE.
UPR126	16:30	(MORE SUB KENNEDY) PRESIDENT AND MRS. KENNEDY WERE NEARING THE END OF A TWO-DAY, TOUR OF TEXAS.
UPR126	16:30	THEY AND THEIR PARTY LANDED AT SAN ANTONIO YESTERDAY ... WENT TO HOUSTON ... THEN FLEW TO FORT WORTH LAST NIGHT. 
UPR126	16:30	VICE PRESIDENT LYNDON JOHNSON --- A TEXAN --- WAS IN THE SAME MOTORCADE 
UPR126	16:30	BUT SOME DISTANCE BACK FROM THE PRESIDENT. HE WAS NOT HARMED.
UPR126	16:30	JOHNSON WAS IN THE HOSPITAL WHEN MR. KENNEDY DIED. BUT, SHORTLY AFTER THE DEATH, 
UPR126	16:30	HE WAS WHISKED FROM THE HOSPITAL UNDER HEAVY GUARD.
UPR126	16:30	HE WAS SWORN IN AS THE NATION'S 36TH PRESIDENT IN THE AIRLINER THAT HAD FLOWN PRESIDENT KENNEDY TO DALLAS THIS MORNING.
UPR126	16:30	IMMEDIATELY AFTERWARD, HE FLEW BACK TO THE CAPITOL.
UPR126	16:30	IDENTITY OF THE ASSASSIN WAS NOT IMMEDIATELY KNOWN.
UPR126	16:30	SHERIFF'S OFFICERS TOOK A YOUNG MAN INTO CUSTODY NEAR THE SCENE AND QUESTIONED HIM BEHIND CLOSED DOORS.
UPR126	16:30	A DALLAS TELEVISION NEWSMAN SAID HE SAW A RIFLE BEING WITHDRAWN FROM 
UPR126	16:30	A WINDOW ON THE FIFTH OR SIXTH FLOOR OF AN OFFICE BUILDING.
UPR126	16:30	A RIFLE WAS FOUND IN A STAIRCASE ON THE FIFTH FLOOR OF THE BUILDING. 
UPR126	16:30	SHERIFF'S DEPUTIES IDENTIFIED THE WEAPON AS A SEVEN-POINT-65 MAUSER ... 
UPR126	16:30	A GERMAN-MADE ARMY RIFLE WITH A TELESCOPIC SIGHT. 
UPR126	16:30	IT HAD ONE SHELL IN THE CHAMBER. THREE SPENT SHELLS WERE FOUND NEARBY.
UPR126	16:30	A DALLAS POLICEMAN WAS SHOT AND KILLED CHASING THE SUSPECT.
UPR126	16:30	HE AND ANOTHER OFFICER HAD RUN INTO A MOVIE THEATER ON A TIP THE ASSASSIN MIGHT BE INSIDE.
UPR126	16:30	THE OTHER OFFICER RUSHED THE MAN AND ARRESTED HIM.
UPR126	16:30	A DALLAS POLICE CAPTAIN SAID THE MAN HAD VVISITED RUSSIA AND WAS MARRIED TO A RUSSIAN ... BUT THIS WAS NOT CONFIRMED.
UPR126	16:30	(MORE SUB KENNEDY) CHARLES BREHM, A 38-YEAR-OLD DALLAS MAN, WAS STANDING IN THE CROWD
UPR126	16:30	AT CURBSIDE ABOUT 15 FEET AWAY WHEN THE PRESIDENT'S CAR APPROACHED.
UPR126	16:30	HE GAVE HIS VERSION --- MR. KENNEDY, "WAS WWAVING AND THE FIRST SHOT HIT HIM AND THAT AWFUL LOOK CROSSED HIS FACE."
UPR126	16:30	THE PRESIDENT'S BODY WAS CARRIED FROM THE HOSPITAL IN A BRONZE CASKET, ACCOMPANIED BY MRS. KENNEDY.
UPR126	16:30	IT WAS PLACED IN A WHITE HEARSE AND THE DRAPES WERE PULLED.
UPR126	16:30	WHITE HOUSE SECRETARY MALCOM KILDUFF SAID THE BODY WILL BE FLOWN TO WASHINGTON THIS AFTERNOON.
UPR126	16:30	AS MANY AS 30 UNIFORMED POLICEMEN SURROUNDED THE HOSPITAL AREA WHEN THE BODY WAS REMOVED. 
UPR126	16:30	WHITE HOUSE OFFICIALS STOOD SORROWFULLY, LOOKING STUNNED, IN CORRIDORS AND IN A WAITING ROOM.
UPR126	16:30	FOR ALMOST AN HOUR, RUMORS FLEW AROUND THE HOSPITAL WHETHER THE PRESIDENT WAS ALIVE.
UPR126	16:30	AT 1:55 P-M EST, A PRIEST SAID HE WAS STILL LIVING.
UPR126	16:30	THEN CAME THE OFFICIAL ANNOUNCEMENT THAT JOHN FITZGERALD KENNEDY, THE 35TH PRESIDENT OF THE UNITED STATES WAS DEAD.
UPR126	16:30	BLOOD WAS WIPED FROM THE PRESIDENTIAL LIMOUSINE AS IT WAS PARKED OUTSIDE THE HOSPITAL'S EMERGENCY ENTRANCE.
UPR126	16:30	A YELLOW ROSE BOUQUET, PRESENTED TO MRS. KENNEDY AT THE AIRPORT LAY ON THE FLOOR IN THE BACK OF THE CAR. (MORE)
		
UPR129	16:43	(SUB ALL MARKETS) (WALL STREET) --- WORD THAT PRESIDENT KENNEDY 
UPR129	16:43	HAD BEEN FATALLY SHOT IN DALLAS, TEXAS, THIS AFTERNOON
UPR129	16:43	SHUT DOWN THE NEW YORK STOCK EXCHANGE AND ALL OTHER MAJOR STOCK AND COMMODITY EXCHANGES THROUGHOUT THE NATION.
		
UPR130	16:45	TO ALL TV NEWS EDITORS: UPI NEWSFILM HAS TWO COMPLETE DOCUMENTARY PRODUCTIONS ON PRESIDENT  JOHN F. KENNEDY.
UPR130	16:45	ONE, THE JOHN F. KENNEDY STORY ... COVERS FROM INFANCY TO THE PRESIDENCY.
UPR130	16:45	THE OTHER ... THE JFK FIRST YEAR ... COVERS HIS FIRST YEAR IN OFFICE.
		
UPR131	16:48	(SUB JOHNSON) LYNDON BAINES JOHNSON IS THE 36TH PRESIDENT OF THE UNITED STATES.
UPR131	16:48	HE TOOK THE OATH OF OFFICE AT 3:39 (EST) THIS AFTERNOON ABOARD THE SAME AIRLINER 
UPR131	16:48	THAT MR. KENNEDY HAD FLOWN TO DALLAS IN THIS MORNING.
UPR131	16:48	THEN HE FLEW BACK TO THE CAPITAL. THE LATE PRESIDENT'S BODY IS ON THE PLANE.
UPR131	16:48	HE HAD GONE TO THE HOSPITAL IMMEDIATELY AFTER MR. KENNEDY AND GOVERNOR CONNALLY WERE SHOT.
UPR131	16:48	AFTER THE PRESIDENT'S DEATH, JOHNSON WAS HURRIED OUT OF THE BUILDING 
UPR131	16:48	UNDER HEAVY GUARD AND TAKEN TO DALLAS' LOVE FIELD."
UPR131	16:48	WITH THE 55-YEAR-OLD JOHNSON WHEN HE TOOK THE OATH WERE HIS WIFE AND MRS. JACQUELINE KENNEDY --- 
UPR131	16:48	THE LATE PRESIDENT'S WIDOW.
		
UPR132	16:48	BULLETIN (DALLAS) --- POLICE TODAY SEIZED LEE H. OSWALD, 
UPR132	16:48	IDENTIFIED AS CHAIRMAN OF A "FAIR PLAY FOR CUBA COMMITTEE,"
UPR132	16:48	AS THE PRIME SUSPECT IN THE ASSASSINATION OF PRESIDENT KENNEDY.
		
UPR133	16:50	POLICE SAID OSWALD, 24-YEARS-OLD WAS ACCUSED IN THE SLAYING OF A DALLAS 
UPR133	16:50	POLICEMAN SHORTLY AFTER THE SHOOTING OF THE PRESIDENT."
UPR133	16:50	POLICE CAPTAIN PAT GANNAWAY SAID THE SUSPECT WAS AN EMPLOYE IN THE BUILDING WHERE A RIFLE WAS FOUND.
UPR133	16:50	GANNAWAY SAID THE SUSPECT HAD VISITED RUSSIA AND WAS MARRIED TO A RUSSIAN. THIS WAS NOT IMMEDIATELY CONFIRMED.
		
UPR134	16:51	PRESIDENT JOHNSON IS THE EIGHTH MAN TO SUCCEED TO THE OFFICE ON THE DEATH OF A PRESIDENT ... 
UPR134	16:51	THE FOURTH TO BE THRUST INTO THE POST BY AN ASSASSINATION.
UPR134	16:51	HE WAS SERVING IN THE SENATE OF THE UNITED STATES AS SENIOR SENATOR FROM TEXAS AND SENATE MAJORITY LEADER 
UPR134	16:51	WHEN THE THEN SENATOR JOHN KENNEDY CHOSE HIM AS HIS RUNNING MATE IN THE 1960 ELECTION.
UPR134	16:51	HE WAS SWORN IN AS VICE PRESIDENT ON JANUARY 20TH, 1961.
UPR134	16:51	TWO YEARS, TEN MONTHS AND TWO DAYS LATER, LYNDON JOHNSON IS PRESIDENT OF THE UNITED STATES.
UPR134	16:51	(CHILDREN) CAROLINE KENNEDY --- WHO OBSERVES HER SIXTH BIRTHDAY NEXT WEDNESDAY --- AND HER BROTHER JOHN, JUNIOR,
UPR134	16:51	WERE IN THE WHITE HOUSE WHEN THEIR FATHER WAS KILLED IN DALLAS.
UPR134	16:51	JOHN JUNIOR OBSERVES HIS THIRD BIRTHDAY MONDAY.
UPR134	16:51	HE WAS  BORN SHORTLY AFTER THE PRESIDENT WAS ELECTED9
UPR134	16:51	IT IS BELIEVED MRS. KENNEDY WILL BE THE ONE TO TELL THE CHILDREN THEIR FATHER IS DEAD.
UPR134	16:51	EARLIER THIS YEAR ... THE KENNEDY'S INFANT SON DIED TWO DAYS AFTER HE HAD BEEN BORN.
UPR134	16:51	(REACTION) A STUNNED WORLD HELD HOPEFULLY ... PRAYERFULLY ... TO A THIN THREAD OF LIFE TODAY FOR 30 LONG MINUTES.
UPR134	16:51	THE AGONIZING HALF-HOUR BEGAN AT 1:30 P-M (EST) WHEN AN ASSASSIN'S BULLET CUT DOWN PRESIDENT JOHN FITZGERALD KENNEDY 
UPR134	16:51	IN A PARADE WITNESSED BY 250-THOUSAND PERSONS IN DOWNTOWN DALLAS. 
UPR134	16:51	IT ENDED AT APPROXIMATELY 2 P-M WHEN THE 46-YEAR-OLD, 35TH PRESIDENT DIED IN AN EMERGENCY OPERATING ROOM OF AHOSPITAL.
UPR134	16:51	THE PRESIDENT'S ELDERLY MOTHER AND FATHER WERE IN THE SECLUSION OF THE FAMILY HOME ON CAPE COD WHEN 
UPR134	16:51	THEY RECEIVED THE NEWS FROM A WORKMAN WHO HEARD IT ON THE RADIO.
UPR134	16:51	A SOURCE CLOSE TO THE FAMILY SAID THEY WERE IN CONTACT WITH THE 
UPR134	16:51	DALLAS HOSPITAL AND WERE ADVISED OF THEIR SON'S ASSASSINATION.
UPR134	16:51	THE ELDERLY JOSEPH KENNEDY, A FORMER AMBASSADOR TO GREAT BRITAIN WAS NAPPING. HE WAS AWAKENED AND GIVEN THE NEWS.
UPR134	16:51	SENATOR EDWARD KENNEDY, THE PRESIDENT'S YOUNGEST BROTHER, WAS 
UPR134	16:51	PRESIDING OVER THE SENATE CHAMBER WHEN HE HEARD THE NEWS --- 
UPR134	16:51	WHISPERED TO HIM BY A SENATE AIDE AS HE SAT IN THE VICE PRESIDENT'S CHAIR. 
UPR134	16:51	HE AND HIS SISTER --- EUNICE SHRIVER --- FLEW IMMEDIATELY TO HYANNIS PORT TO BE WITH THEIR PARENTS.
UPR134	16:51	A JUSTICE DEPARTMENT SPOKESMAN SAID ATTORNEY GENERAL ROBERT KENNEDY 
UPR134	16:51	HAD GONE TO HIS HOME IN SUBURBAN MCLEAN, VIRGINIA,
UPR134	16:51	FOR LUNCH WHEN THE NEWS CAME. THERE HAS BEEN NO WORD OF HIS IMMEDIATE PLANS.
UPR134	16:51	THE PRESIDENT'S YOUNGER SISTER, ROSE, LEARNED OF THE ASSASSINATION WHILE WATCHING A TELEVISION BROADCAST FROM DALLAS
UPR134	16:51	AS SHE SAT IN ST. COLLETA'S SCHOOL AT JEFFERSON, WISCONSIN.
UPR134	16:51	PRINCESS LEE RADZIWILL --- MRS. KENNEDY'S SISTER --- ANNOUNCED FROM HER HOME IN LONDON 
UPR134	16:51	SHE WILL FLY TO THE UNITED STATES EARLY TOMORROW.
UPR134	16:51	AT VATICAN CITY, POPE PAUL RECEIVED THE NEWS WITH "PROFUND GRIEF."
UPR134	16:51	A VATICAN SPOKESMAN SAID THE PONTIFF WENT TO HIS PRIVATE CHAPEL TO PRAY.
UPR134	16:51	IN BOSTON, RICHARD CARDINAL CUSHING, A LIFE-LONG FRIEND OF THE FAMILY PLANNED TO LEAVE IMMEDIATELY
UPR134	16:51	FOR HYANNIS PORT TO CONSOLE THE PARENTS.
UPR134	16:51	THE CARDINAL, WHO MARRIED JOHN AND JACQUELINE KENNEDY IN 1953, WAS CHOKED WITH GRIEF AS HE EULOGIZED THE PRESIDENT.
UPR134	16:51	HE SAID "MY HEART IS BROKEN WITH GRIEF OVER HIS MARTYRDOM FOR THE CAUSE OF THE FREE WORLD."
UPR134	16:51	(MORE REACTION) NEWS OF THE PRESIDENT'S DEATH HIS CONGRESS LIKE A THUNDERBOLT. 
UPR134	16:51	THE LEADERSHIP REACTED WITH COMMENTS OF "OH, MY GOD," AND "THIS IS TERRIBLE."
UPR134	16:51	SPEAKER JOHN MCCORMACK, NOW SECOND IN LINE FOR THE PRESIDENCY, MOURNED THE DEATH AS A "STAGGERING LOSS."
UPR134	16:51	A SHORT IME LATER, SEVERAL SECRET SERVICE AGENTS ARRIVED AT HIS OFFICE, PRESUMABLY AS A SECURITY MEASURE.
UPR134	16:51	THE MILITARY TRANSPORT LANE BEARING SECRETARY OF STATE DEAN RUSK AND OTHER MEMBERS OF THE CABINET TO A MEETING IN JAPAN 
UPR134	16:51	TURNED BACK BETWEEN HONOLULU AND TOKYO. 
UPR134	16:51	WITH RUSK WERE TREASURY SECRETARY DOUGLAS DILLON, COMMERCE SECRETARY LUTHER HODGES AND SEVEERAL OTHER HIGH OFFICIALS.
UPR134	16:51	THE PLANE RETURNED TO HONOLULU TO REFUEL FOR THE FLIGHT BACK TO WASHINGTON.
UPR134	16:51	(MORE REACTION) DOWNTOWN WASHINGTON WAS VISIBLY STUNNED.
UPR134	16:51	WHITE HOUSE GUARDS OUTSIDE THE EXECUTIVE MANSION DID NOT KNOW OF THE DEATH 
UPR134	16:51	UNTIL A YOUNG WOMAN, TEARS STREAMING DOWN HER FACE,
UPR134	16:51	WALKED PAST SAYING "HE'S DEAD ... HE'S DEAD." ONE GUARD STUMBLED A FEW STEPS OUT OF A FORMAL PARADE REST.
UPR134	16:51	FLAGS FLYING OVER THE CAPITIL BUILDING WERE LOWERED IMMEDIATELY TO HALF STAFF.
UPR134	16:51	DRIVERS IGNOREED GREEN LIGHTS AT INTERSECTIONS ... TUNING THEIR RADIOS ... AND NO ONE HONKED AT THEM.
UPR134	16:51	A NEGRO CAB DRIVER SLUMPED OVER THE WHEEL OF HIS CAR, SHAKING WITH SOBS.
UPR134	16:51	FORMER PRESIDENT HARRY TRUMAN --- AT HOME IN INDEPENDENCE, MISSOURI --- WAS TOO STRICKEN TO COMMENT.
UPR134	16:51	FORMER PRESIDENT EISENHOWER CALLED THE ASSASSINATION A "DESPICABLE ACT."
UPR134	16:51	U-N AMBASSADOR ADLAI STEVENSON --- HIMSELF THE TARGET OF SIN SWINGING PICKET IN DALLAS LAST MONTH --- 
UPR134	16:51	WAS ASHEN-FACED WHEN GIVEN THE NEWS.
UPR134	16:51	NEW YORK GOVERNOR ROCKEFELLER SAID THE DEATH IS A "TERRIBLE TRAGEDY FOR THE NATION AND THE WORLD."
UPR134	16:51	URGENT (DALLAS) --- TEXAS GOVERNOR JOHN CONNALLY HAS BEEN PRONOUNCED 
UPR134	16:51	IN "SATISFACTORY CONDITION" AT PARKLAND HOSPITAL IN DALLAS.
UPR134	16:51	THE GOVERNOR WAS WOUNDED BY THE ASSASSIN OF PRESIDENT KENNEDY AS BULLETS RIPPED INTO THEIR OPEN CAR IN DOWNTOWN DALLAS.
UPR134	16:51	 BOSTON --- KENNEDY'S CITY --- WAS CLOAKED IN SILENCE THIS AFTERNOON.
UPR134	16:51	WEEPING SHOPPERS HUDLED TOGETHER ALONG WASHINGTON STREET ... 
UPR134	16:51	SHOCKED AND STUNNED ... PEOPLE GATHERED AROUND PORTABLE RADIOS. 
UPR134	16:51	A LETTERED SIGN IN A WINDOW SAID --- "THE PRESIDENT IS DEAD."
UPR134	16:51	IN NEW YORK CITY ... PEOPLE BURST INTO TEARS.
UPR134	16:51	ON SECOND AVENUE A WOMAN CRIED AND SAID "WE JUST WAVED TO HIM THE OTHER DAY WHEN BE PASSED.
UPR134	16:51	HE WAS SMILING AT US AND HAPPY." FLAGS CAME TO HALF STAFF IN THE CITY.
UPR134	16:51	IT WAS WITH STUNNED SILENCE ... TEARS ... AND SUDDEN OUTBURSTS THAT 
UPR134	16:51	THE NATION'S LARGEST CITY GREETED THE NEWS OF THE PRESIDENT'S DEATH.
UPR134	16:51	THE BELLS OF ST. PATRICK'S CATHEDRAL BEGAN TOLLING AT 2:40 P-M. 
UPR134	16:51	AS OFFICE BUILDINGS EMPTIED, THE CHURCH FILLED WITH WEEPING MOURNERS. MANY LIT CANDLES.
UPR134	16:51	THE BELLS OF HISTORIC TRINITY CHURCH ALSO BEGAN TOLLING A REQUIEM.
UPR134	16:51	BRITISH PRIME MINISTER DOUGLAS-HOME (HEWM) --- ON LEARNING OF PRESIDENT KENNEDY'S ASSASSINATION 
UPR134	16:51	--- ARRANGED TO ADDRESS THE BRITISH NATION TONIGHT.
UPR134	16:51	IN PARIS, PRESIDENT DE GAULLE SAID "PRESIDENT KENNEDY DIED AS A SOLDIER,"
UPR134	16:51	UNDER FIRE FOR HIS DUTY AND IN THE SERVICE OF HIS COUNTRY."
UPR134	16:51	IRELAND HAS BEEN NUMBED BY THE NEWS THAT HER FAVORITE SON IS DEAD.
UPR134	16:51	MEN AND WOMEN DROPPED TO THEIR KNEES IN THE CROWDED STREETS OF DUBLIN TO BEGIN RECITING THE ROSARY.
UPR134	16:51	DISBELIEF ... HOT ANGER ... AND FINALLY, GRAY-FACED SORROW SPREAD THRUTHROUGH THE CROWD.
UPR134	16:51	SOBBED ONE WOMAN --- "OH MY GOD, NOT JACK KENNEDY."
UPR134	16:51	ONE OF THE WORLD'S MORE LOQUENT TRIBUTES TO THE LATE PRESIDENT KENNEDY HAS COME FROM 
UPR134	16:51	THE MAYOR OF EUROPE'S BELEAGUERED CITY --- WEST BERLIN.
UPR134	16:51	SAID WILLY BRANDT --- ""I FEEL AS IFA LIGHT HAS GONE OUT, GONE OUT FOR ALL MEN WHO HOPED
UPR134	16:51	FOR PEACE AND FREEDOM AND A BETTER LIFE ... I MYSELF HAVE LOST A FRIEND TO WHOM I WAS BOUND 
UPR134	16:51	BY TIES OF CONFIDENCE AND FRIENDSHIP ... HE WAS THE BEST FRIEND WE HAD."
UPR134	16:51	MICHIGAN GOVERNOR GEORGE ROMNEY HAS ASKED THAT TOMORROW'S MICHIGAN STATE-ILLINOIS FOOTBALL GAME BE CALLED OFF 
UPR134	16:51	BECAUSE OF THE DEATH OF PRESIDENT KENNEDY. 
UPR134	16:51	ON WALL STREET --- THE NEW YORK STOCK EXCHANGE TOOK SWIFT ACTION TO CLOSE DOWN FOR THE WEEKEND ON WORD 
UPR134	16:51	THAT PRESIDENT KENNEDY HAD BEEN SHOT ... AND ALL OTHER MARKETS SWIFTLY FOLLOWED SUIT.
UPR134	16:51	OPERATIONS WERE HALTED IN MID-CAREER ON THE NEW YORK, AMERICAN, MIDWEST AND PACIFIC STOCK EXCHANGES.
UPR134	16:51	TRADING HAS HALTED IN WOOL, COTTON, COCOA, COFFEE AND SUGAR.
		
UPR135	17:23	URGENT (LAREDO, TEXAS) --- THE MEXICAN GOVERNMENT HAS ANNOUNCED IT 
UPR135	17:23	HAS CLOSED THE BORDER BETWEEN TEXAS AND MEXICO FOR 72 HOURS.
		
UPR136	17:24	URGENT (THE WHITE HOUSE) --- PRESIDENT LYNDON JOHNSON WILL MEET AT THE WHITE HOUSE TONIGHT 
UPR136	17:24	WITH DEFENSE SECRETARY ROBERT MCNAMARA AND WHITE HOUSE SECURITY AIDE MCGEORGE BUNDY. 
UPR136	17:24	AFTER THE MEETING, MR. JOHNSON WILL CONFER WITH CONGRESSIONAL LEADERS.
		
UPR137	17:26	PRESIDENT KENNEDY IS DEAD OF AN ASSASSIN'S BULLET FIRED AS HE RODE IN AN OPEN CAR IN DALLAS. 
UPR137	17:26	GOVERNOR JOHN CONNALLY OF TEXAS WAS SERIOUSLY WOUNDED.
UPR137	17:26	DALLAS POLICE SEIZED LEE H. OSWALD --- IDENTIRIED AS CHAIRMAN OF A "FAIR PLAY FOR CUBA COMMITTEE" --- AS THE PRIME SUSPECT.
UPR137	17:26	VICE PRESIDENT LYNDON JOHNSON WAS SWORN IN AS PRESIDENT OF THE UNITED STATES 
UPR137	17:26	ABOARD THE WHITE HOUSE PLANE AT THE DALLAS AIRPORT.
UPR137	17:26	MRS. KENNEDY WITNESSED THE CEREMONY.
UPR137	17:26	MEXICO HAS CLOSED THE TEXAS-MEXICO BORDER FOR 72 HOURS AS A RESULT OF THE ASSASSINATION.
		
UPR138	17:27	URGENT (WASHINGTON) --- HOUSE SPEAKER JOHN MCCORMACK SYAS PRESIDENT KENNEDY'S BODY WILL LIE IN STATE IN 
UPR138	17:27	THE CAPITOL ROTUNDA ALL DAY SUNDAY, AND UNTIL NOON MONDAY SO THAT AMERICANS CAN PAY THEIR LAST RESPECTS.
UPR138	17:27	MCCORMACK TOLD NEWSMEN THAT KENNEDY'S BODY WILL REPOSE IN THE WHITE HOUSE TOMORROW.
		
UPR139	17:29	(WASHINGTON) --- WHITE HOUSE SOURCES SAID PRESIDENT KENNEDY'S BODY WILL BE TAKEN TO 
UPR139	17:29	BETHESDA NAVAL HOSPITAL WHEN IT ARRIVES HERE AT 6:08 P-M EST.
UPR139	17:29	PRESIDENT LYNDON B. JOHNSON WILL BE FLOWN DIRECTLY TO THE WHITE HOUSE FROM ANDREWS AIR FORCE BASE IN SUBURBAN MARYLAND.
		
UPR140	17:33	MANY SPORTS EVENTS WERE POSTPONED OR CANCELLED BECAUSE OF THE ASSASSINATION OF PRESIDENT KENNEDY.
UPR140	17:33	A SCHEDULED TRADITIONAL FOOTBALL GAME BETWEEN YALE AND HARVARD WILL NOT BE PLAYED TOMORROW. 
UPR140	17:33	ON NEWS OF THE PRESIDENT'S DEATH. TWO RACES WERE CANCELLED AT AQUEDUCT, SIX AT NARRAGANSETT AND FOUR AT PIMLICO.
UPR140	17:33	NEW YORK'S MADISON SQUARE GARDEN CALLED OFF A SCHEDULED LIGHT- HEAVYWEIGHT BOUT BETWEEN ALLEN THOMAS AND OHNNY PERSOL.
		
UPR141	17:39	MORE KENNEDY OBIT THINGS.HE WAS A PRODUCT OF CHOATE, HARVARD, AND THE LONDON SCHOOL OF ECONOMICS.
UPR141	17:39	HE PRODUCED HIS FIRST BOOK, "WHY ENGLAND SLEPT," IN 1940 AT THE AGE OF 23.
UPR141	17:39	ON HIS SECOND LITERARY TRY I 1956, HE WON A PULITZER PRIZE FOR HIS WIDELY ACCLAIMED "PROFILES IN COURAGE."
UPR141	17:39	HE ALSO STARTED AT THE TOP IN POLITICS. THERE WAS NOTHING UP- FROM-THE -PRECINCTS IN HIS CAREER. 
UPR141	17:39	HE STARTED AFTER THE WAR BY WINNING A SEAT IN THE U-S HOUSE OF REPRESENTATIVES FROM HIS NATIVE STATE OF MASSACHUSETTS. 
UPR141	17:39	AFTER SIX YEARS IN THE HOUSE HE RAN FOR THE SENATE. 
UPR141	17:39	THAT YEAR --- 1952 --- WAS A BAD YEAR FOR DEMOCRATS BECAUSE OF THE EISENHOWER LANDSLIDE. 
UPR141	17:39	BUT MR. KENNEDY DEFEATED HENRY CABOT LODGE, A SCION OF AN OLD NEW ENGLAND FAMILY WHOSE BRAHMIN ROOTS
UPR141	17:39	WERE SO VASTLY DIFFERENT FROM THOSE OF THE KENNEDYS.
UPR141	17:39	MR. KENNEDY'S WORLD WAR TWO RECORD BECAME A NATIONAL CONVERSATION PIECE.
UPR141	17:39	THE SAGA OF PT-109, HOW HE COMMANDED A PT BOAT IN THE SOLOMONS THAT WAS RAMMED BY A JAPANESE DESTROYER,
UPR141	17:39	WAS CELEBRATED IN BOOKS, A MOTION PICTURE AND COUNLESS RETELLING BY MAGAZINES, NEWSPAPERS AND TELEVISION.
UPR141	17:39	MR. KENNEDY COUPLED THIS ILLUSTRIOUS BACKGROUND WITH A HEADLONG DRIVE FOR THE PRESIDENCY 
UPR141	17:39	THAT HAS BEEN SELDOM MATCHED FOR VIGOR, TENACITY AND EXPENSE.
UPR141	17:39	BUT DESPITE THIS, HE BARELY MADE IT TO 1600 PENNSYLVANIA AVENUE.
UPR141	17:39	WITH THE LARGEST VOTER TURNOUT IN HISTORY, HE DEFEATED VICE PRESIDENT RICHARD M. NIXON IN 1960
UPR141	17:39	BY SCARCELY 100-THOUSAND BALLOTS.
UPR141	17:39	NOT MANY HOURS BEFORE MR. KENNEDY TOOK OFFICE, THE FAMILY PATRIARCH, JOSEPH P. KENNEDY, VOICED DEEP SATISFACTION
UPR141	17:39	THAT ONE OF HIS FOUR SONS HAD MADE IT TO THE AMERICAN PINNACLE.(MORE) -- 
		
UPR142	17:42	(DALLAS) --- THE PRIME SUSPECT IN THE ASSASSINATION OF PRESIDENT KENNEDY IS 24-YEAR-OLD LEE H. OSWALD. 
UPR142	17:42	OSWALD WAS ARRESTED OUTSIDE A DALLAS THEATER WHERE HE HAD SOUGHT REFUGE AFTER KILLING A PURSUING POLICEMAN.
UPR142	17:42	OSWALD ... A ONE-TIME DEFECTOR TO RUSSIA ... IS ALSO SAID TO BE CHAIRMAN OF A "FAIR PLAY FOR CUBA COMMITTEE."
UPR142	17:42	POLICE SAY OSWALD WORKED IN THE TEXAS SCHOOL BOOK DEPOSITION BUILDING WHERE A 765 GERMAN-MADE MAUSER BOLT ACTION RIFLE 
UPR142	17:42	WAS FOUND AFTER THE ASSASSINATION OF MR. KENNEDY.
UPR142	17:42	ACCORDING TO POLICE, THE SUSPECT FIRED AT POLICEMAN J-D TIPPIT AND ANOTHER OFFICER. TIPPIT WAS KILLED.
UPR142	17:42	OSWALD PUT UP A FIGHT BUT WAS SUBDUED OUTSIDE THE THEATER AS A CROWD OF 600 PEOPLE WATCHED. 
UPR142	17:42	OSWALD IS A FORMER MARINE ... DESCRIBED AS A SELF-STYLED COMMUNIST 
UPR142	17:42	WHO ONCE RENOUNCED HIS AMERICAN CITIZENSHIP AND TRIED UNSUCCESSFULLY TO BECOME A CITIZEN OF RUSSIA.
UPR142	17:42	POLICE SAY OSWALD IS BEING QUESTIONED BOTH FOR THE ASSASSINATION OF PRESIDENT KENNEDY AND THE SLAYING OF THE POLICEMAN.
		
UPR143	17:50	KENNEDY ENTERED OFFICE ON A SURGE OF TOWERING PERSONAL POPULARITY. 
UPR143	17:50	THE NEW PRESIDENT, HIS STRIKINGLY ATTRACTIVE WIFE JACQUELINE, AND THEIR CHILDREN MADE ONE OF
UPR143	17:50	THE MOST APPEALING AND PHOTOGENIC FAMILIES EVER TO OCCUPY THE WHITE HOUSE.
UPR143	17:50	THEIR STYLES, THEIR TASTES, THEIR PREFERENCES IN SPORTS FROM TOUCH
UPR143	17:50	FOOTBALL TO WATERSKIING, SWEPT THE NATION IN A JACK-AND-JACKIE FAD.
UPR143	17:50	MOTION PICTURE FAN MAGAZINES DROPPED CINEMA SIRENS FOR MONTHS AND EMOLAZONED THEIR COVERS WITH ALLURING PICTURES 
UPR143	17:50	OF THE FIRST LADY IN BATHING SUITS, RIDING COSTUMES AND T-SHIRTS.
UPR143	17:50	NEWSPAPER AND FEATURE WRITERS, NIGHT CLUB AND TELEVISION COMEDIANS, RECORDING STARS AND COMPOSERS COMBINED
UPR143	17:50	TO SPREAD THE DOINGS OF THE KENNEDYS. 
UPR143	17:50	NOT SINCE THE EARLY DAYS OF FRANKLIN D. ROOSEVELT'S NEW DEAL DID A PRESIDENT AND THOSE AROUND HIM 
UPR143	17:50	BECOME SUCH AN OBJECT OF INTEREST TO THE ENTIRE NATION.
UPR143	17:50	UNDISPUTED PERSONAL POPULARITY DID NOT PROTECT KENNEDY, HOWEVER,
UPR143	17:50	FROM THE LASH OF SEVERE CRITICISM THAT ACCOMPANIED SOME OF THE EFFORTS OF HIS ADMINISTRATION. 
UPR143	17:50	NOR DID IT RUB OFF ON CONGRESS TO THE EXTENT THAT THE LAWMAKERS FELL OVER THEMSELVES TO GET HIS PROGRAMS PASSED.
UPR143	17:50	IN FACT, HIS NEW FRONTIER LEGISLATIVE PROPOSALS WERE OFTEN EMBATTLED.
UPR143	17:50	HIS DEFEATS IN THIS AREA SOMETIMES WERE IMPRESSIVE, HIS VICTORIES FREQUENTLY.NARROW.
UPR143	17:50	HIS GREAT PROBLEMS AT THE START WERE FOREIGN POLICY AND THE DOMESTIC ECONOMY. 
UPR143	17:50	IN MANY WAYS BOTH WERE LATER TO BE OVERSHADOWED BY THE NEGRO "REVOLUTION" OF 1963
UPR143	17:50	WHICH CONFRONTED THE NATION WITH ONE OF ITS GRAVEST DOMESTIC CRISES SINCE THE CIVIL WAR.
UPR143	17:50	OVERSEAS, THERE WAS THE EVER-PRESENT THREAT POSED BY THE SOVIET UNION, THE TROUBLES IN SOUTHEAST ASIA,
UPR143	17:50	AND --- OVER AND OVER AGAIN --- CUBA. 
UPR143	17:50	THE KENNEDYS HAD BARELY UNPACKED THEIR BAGS IN 1961 WHEN THE IMAGE OF THE BRIGHT YOUNG AMERICAN PRESIDENT WAS TARNISHED 
UPR143	17:50	BY THE ILL-FATED BAY OF PIGS INVASION. 
UPR143	17:50	THE PLAN TO LAND EXILES IN CUBA IN AN ATTEMPT TO OVERTHROW FIDEL CASTRO 
UPR143	17:50	WAS CONCEIVED IN THE EISENHOWER ADMINISTRATION, AND EXECUTED BY THE KENNEDY MEN. MORE 
		
MHR37	17:53	THERE WERE A FEW SHOWERS ALONG THE MIDDLE AND NORTHEAST COAST OF FLORIDA THIS AFTERNOON.
MHR37	17:53	TEMOERATURES WERE NEAR OR IN THE LOW 80S THROUGH THE SOUTH AND WEST CENTRAL PORTIONS OF THE STATE. 
		
MHR37	17:55	(TALLAHASSEE) -- HOTEL AND RESTAURANT COMMISSIONER ROBERT RIDEL HAS LIFTED
MHR37	17:55	THE LICENSE SUSPENSION OF THE TROPICAL PALMS RESTAURANT IN CRESTVIEW. 
		
MHR36	17:56	FROST REPORT (LAKELAND) -- THE LAKELAND WEATHER BUREAU AND FLORIDA 
MHR36	17:56	AGRICULTURAL EXPERIMENT STATIONS EVENING TEMPERATURE BULLETIN. 
		
MHR37	18:00	FLORIDA --- PARTLY CLOUDY AND MILD. LOW TONIGHT MAINLY IN THE 60S. 
		
RB60	18:02	DYERSBURG THUNDERSHOWER 65 JAKCSON RAIN SHOWER 7 9
RB60	18:02	HXR --- DO FLAGS FLY AT NIGHT AT HALF MAST ALSO99 DUR..
		
UPR144	18:03	ELEVENTH WORLD IN BRIEFLLXDY ASM
		
UPR144	18:05	(SUB KENNEDY) (DALLAS) --- PRESIDENT KENNEDY IS DEAD. HE WAS ASSASSINATED IN DALLAS, TEXAS.
UPR144	18:05	LYNDON JOHNSON HAS BEEN SWORN IN AS THE 36TH PRESIDENT OF  THE UNITED STATES. 
UPR144	18:05	HE WAS SWORN IN ABOARD THE PRESIDENTIAL AIRLINER  JUST BEFORE IT TOOK OFF FOR WASHINGTON.
UPR144	18:05	PRESIDENT KENNEDY'S BODY --- IN A BRONZE CASKET --- IS ABOARD THE PLANE. 
UPR144	18:05	MRS. JACQUELINE KENNEDY AND MRS. JOHNSON ALSO ARE ABOARD.
UPR144	18:05	THE PRESIDENT WAS SHOT AS HE RODE IN AN OPEN CAR IN DOWNTOWN  DALLAS. 
UPR144	18:05	HE WAS WAVING AND SMILING TO A CROWD ESTIMATED AT 250-THOUSAND.
UPR144	18:05	HIS WIFE CRADLED HIM IN HER ARMS AS HE WAS RUSHED TO A HOSPITAL. 
UPR144	18:05	A PRIEST ADMINISTERED THE LAST RITES OF HIS CHURCH ... AND AT ABOUT 2 P-M (EST) MR. KENNEDY WAS DEAD.
UPR144	18:05	GOVERNOR JOHN CONNALLY OF TEXAS WAS IN THE WHITE HOUSE OPEN CAR WITH THE PRESIDENT. HE WAS SHOT IN THE CHEST 
UPR144	18:05	... AND IS REPORTED IN SERIOUS CONDITION.
UPR144	18:05	JUST A LITTLE WHILE BEFORE HE WAS ASSASSINATED, JACQUELINE KENNEDY TURNED TO HER HUSBAND AND SAID ---
UPR144	18:05	"YOU CAN'T SAY DALLAS WASN'T FRIENDLY TO YOU." MRS. JOHN CONNALLY TOLD NEWSMEN OF THE REMARK.
UPR144	18:05	DALLAS POLICE SAY THEY HAVE A PRIME SUSPECT. 
UPR144	18:05	HE IS IDENTIFIED AS LEE OSWALD, 24-YEAR-OLD CHAIRMAN OF THE "FAIR PLAY FOR CUBA COMMITTEE."
UPR144	18:05	HE WAS CAPTURED IN A MOVIE THEATER. POLICE SAY OSWALD SHOT AND KILLED ONE OF TWO PURSUING OFFICERS AT THE THEATER. 
UPR144	18:05	THE SURVIVING OFFICER MANAGED TO SEIZE HIM. MORE 
		
UPR145	18:06	URGENT (ANDREWS AIR FORCE BASE, MARYLAND) --- PRESIDENT LYNDON JOHNSON AND THE BODY OF 
UPR145	18:06	PRESIDENT JOHN F. KENNEDY ARRIVED AT ANDREWS AIR FORCE BASE OUTSIDE WASHINGTON AT 5:58 P-M EST.
UPR145	18:06	THE PRESIDENTIAL AIR FORCE JET LANDED SEVERAL MINUTES AHEAD OF TIME 
UPR145	18:06	AFTER A FLIGHT FROM DALLAS WHERE MR. KENNEDY WAS ASSASSINATED.
		
UPR146	18:12	A MAN AT CURBSIDE NEAR THE SHOOTING SCENE SAID THE PRESIDENT WAS SMILING BROADLY AS HE RODE PAST. 
UPR146	18:12	THE MAN SAID --- "THEN THAT AWFUL LOOK CROSSED HIS FACE."
UPR146	18:12	THE ATTENDING SURGEON AT THE HOSPITAL WHERE THE PRESIDENT WAS RUSHED SAID HE WAS SHOT THROUGH THE THROAT AND HEAD 
UPR146	18:12	... POSSIBLY BY THE SAME BULLET.
UPR146	18:12	JOHN FITZGERALD KENNEDY ... DEAD AT THE AGE OF 46. 
UPR146	18:12	THE NATION'S 35TH PRESIDENT ... ITS FIRST ROMAN CATHOLIC CHIEF EXECUTIVE ... 
UPR146	18:12	A MAN WHO LED HIS NATION AND THE FREE WORLD FOR TWO YEARS ... 10 MONTHS AND TWO DAYS.
UPR146	18:12	BELLS  TOLLED FROM CHURCHES IN MOURNING. 
UPR146	18:12	THE STATE DEPARTMENT ORDERED ALL FLAGS ON U-S BUILDINGS AROUND THE WORLD FLOWN AT HALF STAFF FOR THE NEXT MONTH.
UPR146	18:12	POPE PAUL THE SIXTH SAID HE PRAYS THAT "THE SACRIFICE" OF PRESIDENT KENNEDY WILL SERVE THE CAUSE.
UPR146	18:12	SAID THE POPE ... "WE PRAY GOD THAT THE SACRIFICES OF JOHN KENNEDY MAY ASSIST THE CAUSE PROMOTED AND
UPR146	18:12	DEFENDED BY HIM FOR THE LIBERTY OF PEOPLES AND PEACE IN THE WORLD."
UPR146	18:12	IN NEW YORK CITY, FORMER PRESIDENT EISENHOWER CALLED PRESIDENT KENNEDY'S ASSASSINATION A "DESPICABLE ACT."
UPR146	18:12	"I SHARE THE SENSE OF SHOCK AND DISMAY THAT ALL AMERICANS FEEL ..."
UPR146	18:12	IN INDEPENDENCE, MISSOURI, FORMER PRESIDENT HARRY TRUMAN --- HIMSELF AN INTENDED VICTIM OF 
UPR146	18:12	ASSASSINS' BULLETS 13 YEARS AGO --- WAS TOO STRICKEN BY THE NEWS TO COMMENT IMMEDIATELY. 
UPR146	18:12	SENATOR BARRY GOLDWATER, IN A STATEMENT FROM HIS WASHINGTON OFFICE, 
UPR146	18:12	DESCRIBED THE ASSASSINATION AS "SHOCKING AND DREADFUL."
UPR146	18:12	"THE PRESIDENT'S DEATH IS A PROFOUND LOSS TO THE NATION AND THE FREE WORLD."
UPR146	18:12	FORMER PRESIDENT HOOVER SAID HE WAS "SHOCKED AND GRIEVED" BY THE NEWS."
UPR146	18:12	MR. HOOVER SAID "MR. KENNEDY LOVED AMERICA AND HAS GIVEN HIS LIFE FOR HIS COUNTRY."
		
UPR147	18:13	BULLETIN (ANDREWS AIR FORCE BASE, MARYLAND) --- IN HIS FIRST PUBLIC STATEMENT TO THE NATION, PRESIDENT LYNDON B. JOHNSON
UPR147	18:13	HAS PROMISED TO "DO MY BEST" TO MEET HIS NEW RESPONSIBILITIES."
		
UPR148	18:15	UPON HIS ARRIVAL AT ANDREWS AIR FORCE BASE OUTSIDE WASHINGTON MR. JOHNSON ASKED FOR DIVINE GUIDANCE 
UPR148	18:15	IN MEETING THE CHALLENGES AHEAD. HE SAID: "THIS IS A SAD TIME FOR ALL PEOPLE.
UPR148	18:15	WE HAVE SUFFERED A LOSS THAT CANNOT BE WEIGHED. FOR ME IT IS A DEEP PERSONAL TRAGEDY. 
UPR148	18:15	I KNOW THE WORLD SHARES THE SORROW THAT MRS. KENNEDY AND HER FAMILY BEAR. I WILL DO MY BEST. 
UPR148	18:15	THAT IS ALL I CAN DO. I ASK YOUR HELP --- AND GOD'Z."
		
	18:15	"DO. I ASK YOUR HELP --- AND GOD'S."
		
UPR149	18:19	MORE ELEVENTH WORLD IN BRIEF (MORE REACTION) X X X COUNTRY.
UPR149	18:19	CAROLINE KENNEDY --- WHO WILL BE SIX YEARS OLD NEXT WEDNESDAY --- 
UPR149	18:19	AND HER BROTHER JOHN JUNIOR WERE IN THE WHITE HOUSE AT THE TIME. 
UPR149	18:19	IT IS BELIEVED MRS. JACQUELINE KENNEDY WILL BE THE ONE TO TELL THEM WHAT HAPPENED. 
UPR149	18:19	THE CHILDREN ARE IN THE CARE OF THEIR NURSE, MAUD SHAW.
UPR149	18:19	MOSCOW'S RADIO COMMENTATOR --- IN MOURNFUL TONES --- ANNOUNCED THE DEATH OF THE AMERICAN PRESIDENT. 
UPR149	18:19	THE COMMENTATOR ADDED ... "IT IS SAID HE HAS BEEN MURDERED BY THE EXTREME RIGHT WING ELEMENTS."
UPR149	18:19	LATER, MOSCOW RADIO DESCRIBED HIM AS "AN OUTSTANDING AMERICAN STATESMAN."
UPR149	18:19	THE ROMAN CATHOLIC ARCHDIOCESE OF WASHINGTON GRANTED PERMISSION TO ALL CHURCHES 
UPR149	18:19	TO HOLD REQUIEM MASS FOR PRESIDENT KENNEDY TONIGHT.
UPR149	18:19	FORMER VICE PRESIDENT RICHARD NIXON SAID IN NEW YORK CITY THE ASSASSINATION "IS A TERRIBLE TRAGEDY FOR THE NATION."
		
UPR150	18:22	AN ASSASSIN'S BULLET KILLED PRESIDENT KENNEDY AND WOUNDED TEXAS GOVERNOR JOHN CONNALLY AS THEY PARADED IN DALLAS. 
UPR150	18:22	VICE PRESIDENT LYNDON JOHNSON WAS SWORN IN AS THE 36TH PRESIDENT OF THE UNITED STATES.
UPR150	18:22	DALLAS POLICE HAVE ARRESTED A PRIME SUSPECT --- LEE H. OSWALD --- 
UPR150	18:22	IDENTIFIED AS CHAIRMAN OF A "FAIR PLAY FOR CUBA COMMITTEE"
UPR150	18:22	WHO ONCE SOUGHT RUSSIAN CITIZENSHIP. OSWALD KILLED A POLICEMAN BEFORE HE WAS SUBDUED.
UPR150	18:22	PRESIDENT LYNDON JOHNSON AND THE BODY OF THE SLAIN PRESIDENT ARRIVED
UPR150	18:22	AT ANDREWS AIR FORCE BASE OUTSIDE WASHINGTON AT 5:58 P.M. E-S-T.
UPR150	18:22	IN HIS FIRST PUBLIC STATEMENT, PRESIDENT JOHNSON PROMISED TO "DO MY BEST" TO MEET HIS NEW RESPONSIBILITIES.
		
UPR151	18:26	(FARM MARKET ANALYSIS) PREPARED FOR UNITED PRESS INTERNATIONAL BY THE U-S-D-A'S MARKETING SERVICES.
UPR151	18:26	(CHICAGO) --- HOG PRICES SLUMPED TO NEW LOWS SINCE LAST SPRING AT MIDWEST MARKETS TODAY, 
		
UPR152	18:28	MR. JOHNSON ARRIVED OUTSIDE WASHINGTON ON THE PRESIDENTIAL JET WHICH ALSO BROUGHT 
UPR152	18:28	THE BODY OF PRESIDENT JOHN F. KENNEDY FROM DALLAS. 
UPR152	18:28	THE BRONZE CASKET BEARING THE BODY OF MR. KENNEDY WAS LOWERED TO A GRAY NAVY AMBULANCE. 
UPR152	18:28	MRS. JACQUELINE KENNEDY AND ATTORNEY GENERAL ROBERT KENNEDY BOARDED 
UPR152	18:28	THE AMBULANCE FOR THE TRIP TO BETHESDA NAVAL HOSPITAL.
		
UPR153	18:29	(NETWORKS -- WITH KENNEDY) (HOLLYWOOD) --- THE TELEVISION NETWORKS TODAY CANCELLED ALL COMMERCIAL PROGRAMMING 
UPR153	18:29	TO PROVIDE CONTINUOUS COVERAGE OF PRESIDENT KENNEDY'S ASSASSINATION.
UPR153	18:29	SPOKESMEN FOR ABC, CBS, AND NBC SAID THERE WOULD BE NO BROADCASTS OTHER THAN NEWS AT LEAST THROUGH TONIGHT,
UPR153	18:29	PROBABLY INTO TOMORROW AND PERHAPS UNTIL THE FUNERAL.
UPR153	18:29	NO COMMERCIALS WILL BE BROADCAST, THE SPOKESMEN SAID.
UPR153	18:29	CBS ANNOUNCED ON THE AIR THIS AFTERNOON THAT IT WOULD CARRY NO ENTERTAINMENT PROGRAMS OR COMMERCIAL ANNOUNCEMENTS 
UPR153	18:29	UNTIL AFTER THE PRESIDENTIAL FUNERAL.
UPR153	18:29	NBC ISSUED A STATEMENT SAYING IT WOULD SUSPEND NORMAL PROGRAMMING AND COMMERCIALS UNTIL THE STORY WAS OVER.
UPR153	18:29	ABC SAID IT WOULD CONTINUE COVERAGE INDEFINITELY. ALL ANNOUNCEMENTS REFERRED TO RADIO AS WELL AS TELEVISION COVERAGE.
